{
  "timestamp": "2025-12-12T18:05:00.745324",
  "optimal_threshold": 0.4000000000000001,
  "threshold_metric": "f1",
  "train_metrics": {
    "loss": 0.606865406036377,
    "accuracy": 0.6558750207744724,
    "auc": 0.7215753793716431,
    "log_loss": 0.5967419410258249,
    "confusion_matrix": [
      [
        2754,
        9183
      ],
      [
        1170,
        16978
      ]
    ],
    "num_samples": 30085,
    "positive_rate": 0.6032241981053681,
    "threshold": 0.4000000000000001,
    "f1_score": 0.7663454377214561
  },
  "val_metrics": {
    "loss": 0.6432433724403381,
    "accuracy": 0.6313985864210752,
    "auc": 0.6799159049987793,
    "log_loss": 0.6331200023161754,
    "confusion_matrix": [
      [
        452,
        1519
      ],
      [
        202,
        2496
      ]
    ],
    "num_samples": 4669,
    "positive_rate": 0.5778539301777682,
    "threshold": 0.4000000000000001,
    "f1_score": 0.7436317592730523
  },
  "test_metrics": {
    "loss": 0.6562118530273438,
    "accuracy": 0.6115650534255186,
    "auc": 0.6713110208511353,
    "log_loss": 0.6460883371437605,
    "confusion_matrix": [
      [
        531,
        1607
      ],
      [
        247,
        2388
      ]
    ],
    "num_samples": 4773,
    "positive_rate": 0.5520636915985753,
    "threshold": 0.4000000000000001,
    "f1_score": 0.7203619909502262
  },
  "training_history": {
    "loss": [
      0.9035366773605347,
      0.7819749712944031,
      0.718186616897583,
      0.677145779132843,
      0.6510342955589294,
      0.636223554611206,
      0.6303924322128296,
      0.6249324679374695,
      0.6247421503067017,
      0.6239299774169922,
      0.6220470666885376,
      0.62197345495224,
      0.6176685690879822,
      0.6152555346488953,
      0.6152417659759521,
      0.6153270602226257,
      0.6114153861999512,
      0.6097109913825989
    ],
    "val_loss": [
      0.8301790356636047,
      0.7601606845855713,
      0.7143661379814148,
      0.6815819144248962,
      0.665854811668396,
      0.6558602452278137,
      0.6519824266433716,
      0.6487665772438049,
      0.6465089321136475,
      0.6560646295547485,
      0.6471678614616394,
      0.6688592433929443,
      0.6432434916496277,
      0.6490503549575806,
      0.6439303159713745,
      0.6440990567207336,
      0.644681990146637,
      0.6435852646827698
    ],
    "accuracy": [
      0.6218381524085999,
      0.6580023169517517,
      0.6650822758674622,
      0.6677746176719666,
      0.6700681447982788,
      0.6692039370536804,
      0.6698687076568604,
      0.6700016856193542,
      0.6675419807434082,
      0.6655808687210083,
      0.6707329154014587,
      0.6682732105255127,
      0.6709323525428772,
      0.6731593608856201,
      0.6724613308906555,
      0.6733587980270386,
      0.6766162514686584,
      0.6789762377738953
    ],
    "val_accuracy": [
      0.6412507891654968,
      0.6489612460136414,
      0.6470336318016052,
      0.6425358653068542,
      0.6461769342422485,
      0.6418933272361755,
      0.6414650082588196,
      0.6451060175895691,
      0.6453201770782471,
      0.6440351009368896,
      0.6444634795188904,
      0.642964243888855,
      0.650032103061676,
      0.6408224701881409,
      0.6461769342422485,
      0.6446776390075684,
      0.6414650082588196,
      0.6433925628662109
    ]
  },
  "epochs_trained": 18
}