{
  "timestamp": "2025-12-12T00:44:55.657516",
  "optimal_threshold": 0.41000000000000003,
  "train_metrics": {
    "loss": 0.5987704992294312,
    "accuracy": 0.6879952549934387,
    "auc": 0.7286322116851807,
    "log_loss": 0.5922398986314781,
    "confusion_matrix": [
      [
        3661,
        8357
      ],
      [
        1668,
        16602
      ]
    ],
    "num_samples": 30288,
    "positive_rate": 0.6032091917591125,
    "threshold": 0.41000000000000003,
    "f1_score": 0.7680954914524971
  },
  "val_metrics": {
    "loss": 0.6372302770614624,
    "accuracy": 0.6461769342422485,
    "auc": 0.6820023059844971,
    "log_loss": 0.6306998780106186,
    "confusion_matrix": [
      [
        567,
        1404
      ],
      [
        264,
        2434
      ]
    ],
    "num_samples": 4669,
    "positive_rate": 0.5778539301777682,
    "threshold": 0.41000000000000003,
    "f1_score": 0.7447980416156671
  },
  "test_metrics": {
    "loss": 0.6503027081489563,
    "accuracy": 0.6304348111152649,
    "auc": 0.6735837459564209,
    "log_loss": 0.6437724655746393,
    "confusion_matrix": [
      [
        651,
        1489
      ],
      [
        309,
        2335
      ]
    ],
    "num_samples": 4784,
    "positive_rate": 0.552675585284281,
    "threshold": 0.41000000000000003,
    "f1_score": 0.7220160791589363
  },
  "training_history": {
    "loss": [
      0.7376055121421814,
      0.6750648617744446,
      0.6499553918838501,
      0.6337918639183044,
      0.6239842772483826,
      0.6185398697853088,
      0.6148061752319336,
      0.6145754456520081,
      0.6139072775840759,
      0.6133682131767273,
      0.6109793782234192,
      0.611644446849823,
      0.6127887964248657,
      0.6113866567611694,
      0.6102266907691956,
      0.611328661441803,
      0.6075829863548279,
      0.6062290072441101,
      0.6063075661659241,
      0.605656087398529,
      0.6067050099372864,
      0.6028047204017639,
      0.6015141010284424
    ],
    "val_loss": [
      0.7125758528709412,
      0.6836041808128357,
      0.6661266088485718,
      0.6538142561912537,
      0.6472741961479187,
      0.6486262083053589,
      0.6453405618667603,
      0.6465802788734436,
      0.6425991058349609,
      0.6467870473861694,
      0.6414522528648376,
      0.6439414620399475,
      0.6390097737312317,
      0.6428220272064209,
      0.6398754715919495,
      0.6470155119895935,
      0.6396042704582214,
      0.6372302770614624,
      0.6392592191696167,
      0.6391642093658447,
      0.6395620703697205,
      0.6403096318244934,
      0.6417992115020752
    ],
    "accuracy": [
      0.647682249546051,
      0.6697041988372803,
      0.6715200543403625,
      0.672906756401062,
      0.6728076934814453,
      0.6735671162605286,
      0.6746566295623779,
      0.6727746725082397,
      0.673699140548706,
      0.6728076934814453,
      0.673930287361145,
      0.6746896505355835,
      0.6744915246963501,
      0.6774629950523376,
      0.6744585037231445,
      0.6755810976028442,
      0.6778592467308044,
      0.6806986331939697,
      0.6800382733345032,
      0.6812599301338196,
      0.679807186126709,
      0.6869387030601501,
      0.6870707869529724
    ],
    "val_accuracy": [
      0.6459627151489258,
      0.6440351009368896,
      0.6427500247955322,
      0.6481045484542847,
      0.6453201770782471,
      0.6506746411323547,
      0.6466052532196045,
      0.6463910937309265,
      0.6442493200302124,
      0.6476761698722839,
      0.6423217058181763,
      0.6459627151489258,
      0.6433925628662109,
      0.6508888602256775,
      0.6485328674316406,
      0.6448918581008911,
      0.6470336318016052,
      0.6461769342422485,
      0.6461769342422485,
      0.6440351009368896,
      0.6489612460136414,
      0.6472477912902832,
      0.650032103061676
    ]
  },
  "epochs_trained": 23
}