{
  "timestamp": "2025-12-11T23:58:00.556447",
  "optimal_threshold": 0.37,
  "train_metrics": {
    "loss": 0.6334623098373413,
    "accuracy": 0.6532620191574097,
    "auc": 0.6815536618232727,
    "log_loss": 0.6241471120162968,
    "confusion_matrix": [
      [
        409,
        11609
      ],
      [
        142,
        18128
      ]
    ],
    "num_samples": 30288,
    "positive_rate": 0.6032091917591125,
    "threshold": 0.37,
    "f1_score": 0.75522319661716
  },
  "val_metrics": {
    "loss": 0.6698914170265198,
    "accuracy": 0.606553852558136,
    "auc": 0.6195425391197205,
    "log_loss": 0.660576307467422,
    "confusion_matrix": [
      [
        97,
        1874
      ],
      [
        46,
        2652
      ]
    ],
    "num_samples": 4669,
    "positive_rate": 0.5778539301777682,
    "threshold": 0.37,
    "f1_score": 0.7342192691029901
  },
  "test_metrics": {
    "loss": 0.688972532749176,
    "accuracy": 0.5804765820503235,
    "auc": 0.5964148044586182,
    "log_loss": 0.6796577226083093,
    "confusion_matrix": [
      [
        95,
        2045
      ],
      [
        66,
        2578
      ]
    ],
    "num_samples": 4784,
    "positive_rate": 0.552675585284281,
    "threshold": 0.37,
    "f1_score": 0.7095087381312783
  },
  "training_history": {
    "loss": [
      0.7410827279090881,
      0.689469575881958,
      0.6711516976356506,
      0.6597877740859985,
      0.6543486714363098,
      0.6497597098350525,
      0.6473216414451599,
      0.6459218859672546,
      0.6439131498336792,
      0.6426748633384705,
      0.6429957151412964,
      0.6415048837661743,
      0.6407068371772766,
      0.6368816494941711,
      0.6376855969429016,
      0.6356201767921448
    ],
    "val_loss": [
      0.7188027501106262,
      0.6923689246177673,
      0.6823562979698181,
      0.6775475144386292,
      0.6779651045799255,
      0.6748834252357483,
      0.6709755063056946,
      0.6735775470733643,
      0.6727784276008606,
      0.6699510216712952,
      0.6698910593986511,
      0.6709486246109009,
      0.6736666560173035,
      0.6748788952827454,
      0.6704018115997314,
      0.672525942325592
    ],
    "accuracy": [
      0.6006008982658386,
      0.6200475692749023,
      0.6254292130470276,
      0.6314381957054138,
      0.63206547498703,
      0.6344426870346069,
      0.6368528604507446,
      0.6386687755584717,
      0.6423006057739258,
      0.642927885055542,
      0.6420364379882812,
      0.6421685218811035,
      0.6416732668876648,
      0.6470219492912292,
      0.6478803753852844,
      0.6505876779556274
    ],
    "val_accuracy": [
      0.6037695407867432,
      0.6050546169281006,
      0.6050546169281006,
      0.6046262383460999,
      0.597344160079956,
      0.6029128432273865,
      0.606339693069458,
      0.602056086063385,
      0.6084814667701721,
      0.6054829955101013,
      0.606553852558136,
      0.6050546169281006,
      0.5943456888198853,
      0.6037695407867432,
      0.601841926574707,
      0.5960590839385986
    ]
  },
  "epochs_trained": 16
}