{
  "timestamp": "2025-12-12T02:09:15.151797",
  "optimal_threshold": 0.38000000000000006,
  "threshold_metric": "f1",
  "train_metrics": {
    "loss": 0.6084523797035217,
    "accuracy": 0.675486147403717,
    "auc": 0.7165337800979614,
    "log_loss": 0.6009703095990898,
    "confusion_matrix": [
      [
        2419,
        9518
      ],
      [
        1011,
        17137
      ]
    ],
    "num_samples": 30085,
    "positive_rate": 0.6032241981053681,
    "threshold": 0.38000000000000006,
    "f1_score": 0.7649934156194897
  },
  "val_metrics": {
    "loss": 0.6443758606910706,
    "accuracy": 0.6395373940467834,
    "auc": 0.6720989942550659,
    "log_loss": 0.6368940111725072,
    "confusion_matrix": [
      [
        363,
        1608
      ],
      [
        171,
        2527
      ]
    ],
    "num_samples": 4669,
    "positive_rate": 0.5778539301777682,
    "threshold": 0.38000000000000006,
    "f1_score": 0.7396458363822626
  },
  "test_metrics": {
    "loss": 0.66127610206604,
    "accuracy": 0.6220406293869019,
    "auc": 0.658960223197937,
    "log_loss": 0.6537941028156149,
    "confusion_matrix": [
      [
        386,
        1752
      ],
      [
        180,
        2455
      ]
    ],
    "num_samples": 4773,
    "positive_rate": 0.5520636915985753,
    "threshold": 0.38000000000000006,
    "f1_score": 0.7176264250219234
  },
  "training_history": {
    "loss": [
      0.7345240116119385,
      0.6729844212532043,
      0.6492721438407898,
      0.6373013257980347,
      0.62834632396698,
      0.6230472922325134,
      0.6202698945999146,
      0.6190752983093262,
      0.6172345876693726,
      0.6156885027885437,
      0.6152956485748291,
      0.6158850789070129,
      0.6160579323768616,
      0.6156328320503235,
      0.6120848059654236,
      0.6114935278892517
    ],
    "val_loss": [
      0.7176670432090759,
      0.6868142485618591,
      0.6844803094863892,
      0.6628388166427612,
      0.6556077003479004,
      0.6514095067977905,
      0.6460781097412109,
      0.649962842464447,
      0.6532686352729797,
      0.6458846926689148,
      0.6443761587142944,
      0.6473798155784607,
      0.6485517621040344,
      0.647074282169342,
      0.6546571254730225,
      0.6476582884788513
    ],
    "accuracy": [
      0.636895477771759,
      0.6601628661155701,
      0.6656473278999329,
      0.6659797430038452,
      0.6689712405204773,
      0.6681402921676636,
      0.6687053442001343,
      0.6693701148033142,
      0.6700681447982788,
      0.6693701148033142,
      0.6697357296943665,
      0.6695030927658081,
      0.6684726476669312,
      0.6711982488632202,
      0.6735250353813171,
      0.6732590794563293
    ],
    "val_accuracy": [
      0.6279717087745667,
      0.6388948559761047,
      0.6341829299926758,
      0.6371814012527466,
      0.638466477394104,
      0.6446776390075684,
      0.6373955607414246,
      0.6380380988121033,
      0.6412507891654968,
      0.638252317905426,
      0.6395373940467834,
      0.6358963251113892,
      0.6395373940467834,
      0.6395373940467834,
      0.6376097798347473,
      0.6410366296768188
    ]
  },
  "epochs_trained": 16
}