{
  "timestamp": "2025-12-12T02:07:13.236708",
  "optimal_threshold": 0.4600000000000001,
  "threshold_metric": "accuracy",
  "train_metrics": {
    "loss": 0.6355534791946411,
    "accuracy": 0.6485094428062439,
    "auc": 0.6773990988731384,
    "log_loss": 0.6264704237501568,
    "confusion_matrix": [
      [
        2606,
        9413
      ],
      [
        1478,
        16794
      ]
    ],
    "num_samples": 30291,
    "positive_rate": 0.6032154765441881,
    "threshold": 0.4600000000000001,
    "f1_score": 0.7551428764135885
  },
  "val_metrics": {
    "loss": 0.6713645458221436,
    "accuracy": 0.6041979193687439,
    "auc": 0.6166970729827881,
    "log_loss": 0.6622810107181664,
    "confusion_matrix": [
      [
        592,
        1379
      ],
      [
        450,
        2248
      ]
    ],
    "num_samples": 4669,
    "positive_rate": 0.5778539301777682,
    "threshold": 0.4600000000000001,
    "f1_score": 0.7108300395256917
  },
  "test_metrics": {
    "loss": 0.6893887519836426,
    "accuracy": 0.5867474675178528,
    "auc": 0.5958678722381592,
    "log_loss": 0.6803052227092385,
    "confusion_matrix": [
      [
        593,
        1547
      ],
      [
        416,
        2228
      ]
    ],
    "num_samples": 4784,
    "positive_rate": 0.552675585284281,
    "threshold": 0.4600000000000001,
    "f1_score": 0.6941891260320923
  },
  "training_history": {
    "loss": [
      0.7337673306465149,
      0.6827797889709473,
      0.6666926741600037,
      0.6592677235603333,
      0.6541162729263306,
      0.6509384512901306,
      0.6477512121200562,
      0.6460768580436707,
      0.6424347758293152,
      0.6424759030342102,
      0.6408793330192566,
      0.6409149169921875,
      0.6374624371528625,
      0.6363223195075989
    ],
    "val_loss": [
      0.7105513215065002,
      0.6894176602363586,
      0.6840134859085083,
      0.6818547248840332,
      0.6741573810577393,
      0.6747103929519653,
      0.6743238568305969,
      0.6743481755256653,
      0.6713647842407227,
      0.6744862198829651,
      0.6737104058265686,
      0.6743916869163513,
      0.6748995780944824,
      0.6744765043258667
    ],
    "accuracy": [
      0.604602038860321,
      0.6224951148033142,
      0.6293948888778687,
      0.630352258682251,
      0.6308804750442505,
      0.6336535811424255,
      0.6397939920425415,
      0.6389686465263367,
      0.6427981853485107,
      0.6417417526245117,
      0.6460004448890686,
      0.6434914469718933,
      0.6484434604644775,
      0.6498299837112427
    ],
    "val_accuracy": [
      0.6035553812980652,
      0.606553852558136,
      0.601627767086029,
      0.601841926574707,
      0.5997001528739929,
      0.6003426909446716,
      0.6046262383460999,
      0.6059113144874573,
      0.6041979193687439,
      0.606339693069458,
      0.6059113144874573,
      0.6071963906288147,
      0.6035553812980652,
      0.6046262383460999
    ]
  },
  "epochs_trained": 14
}