{
  "timestamp": "2025-12-09T19:34:41.678193",
  "optimal_threshold": 0.38,
  "train_metrics": {
    "loss": 0.633818507194519,
    "accuracy": 0.6499290466308594,
    "auc": 0.6824234127998352,
    "log_loss": 0.6239908328385242,
    "confusion_matrix": [
      [
        432,
        11587
      ],
      [
        143,
        18129
      ]
    ],
    "num_samples": 30291,
    "positive_rate": 0.6032154765441881,
    "threshold": 0.38,
    "f1_score": 0.7555638909727432
  },
  "val_metrics": {
    "loss": 0.6699215769767761,
    "accuracy": 0.6093381643295288,
    "auc": 0.6201808452606201,
    "log_loss": 0.6600940911182168,
    "confusion_matrix": [
      [
        91,
        1880
      ],
      [
        46,
        2652
      ]
    ],
    "num_samples": 4669,
    "positive_rate": 0.5778539301777682,
    "threshold": 0.38,
    "f1_score": 0.733609958506224
  },
  "test_metrics": {
    "loss": 0.6881073117256165,
    "accuracy": 0.5854933261871338,
    "auc": 0.5984137654304504,
    "log_loss": 0.678280085204961,
    "confusion_matrix": [
      [
        95,
        2045
      ],
      [
        63,
        2581
      ]
    ],
    "num_samples": 4784,
    "positive_rate": 0.552675585284281,
    "threshold": 0.38,
    "f1_score": 0.7100412654745529
  },
  "training_history": {
    "loss": [
      0.7448211312294006,
      0.6913286447525024,
      0.670991837978363,
      0.6606646776199341,
      0.6547770500183105,
      0.6513779759407043,
      0.6475682854652405,
      0.6465933918952942,
      0.6450005173683167,
      0.641771674156189,
      0.6398226618766785,
      0.6388800740242004,
      0.6376528143882751,
      0.6364201903343201,
      0.6359862089157104,
      0.6358350515365601
    ],
    "val_loss": [
      0.7258285880088806,
      0.6982631087303162,
      0.6863297820091248,
      0.6826533079147339,
      0.679943323135376,
      0.672795832157135,
      0.674542248249054,
      0.6765843033790588,
      0.6735590696334839,
      0.6740646958351135,
      0.669921338558197,
      0.6732791066169739,
      0.6732513308525085,
      0.6758422255516052,
      0.6736685633659363,
      0.6743825078010559
    ],
    "accuracy": [
      0.6056254506111145,
      0.6212736368179321,
      0.6286025643348694,
      0.6306163668632507,
      0.6313096284866333,
      0.6371859908103943,
      0.6414116621017456,
      0.6394968628883362,
      0.6421709656715393,
      0.6460664868354797,
      0.6462975740432739,
      0.6488395929336548,
      0.648575484752655,
      0.6492687463760376,
      0.6517447233200073,
      0.6500610709190369
    ],
    "val_accuracy": [
      0.6001285314559937,
      0.6029128432273865,
      0.6003426909446716,
      0.6005568504333496,
      0.6056971549987793,
      0.6059113144874573,
      0.606553852558136,
      0.6114799976348877,
      0.6093381643295288,
      0.6086956262588501,
      0.6093381643295288,
      0.6033411622047424,
      0.6039837002754211,
      0.6026986241340637,
      0.6031270027160645,
      0.6037695407867432
    ]
  },
  "epochs_trained": 16
}