{
  "timestamp": "2025-12-12T02:05:39.959202",
  "optimal_threshold": 0.36000000000000004,
  "threshold_metric": "f1",
  "train_metrics": {
    "loss": 0.6343058347702026,
    "accuracy": 0.6543858051300049,
    "auc": 0.679585337638855,
    "log_loss": 0.6248496366233603,
    "confusion_matrix": [
      [
        758,
        11261
      ],
      [
        309,
        17963
      ]
    ],
    "num_samples": 30291,
    "positive_rate": 0.6032154765441881,
    "threshold": 0.36000000000000004,
    "f1_score": 0.7564005389927573
  },
  "val_metrics": {
    "loss": 0.6695325970649719,
    "accuracy": 0.6076247692108154,
    "auc": 0.6210954189300537,
    "log_loss": 0.6600764290446909,
    "confusion_matrix": [
      [
        161,
        1810
      ],
      [
        85,
        2613
      ]
    ],
    "num_samples": 4669,
    "positive_rate": 0.5778539301777682,
    "threshold": 0.36000000000000004,
    "f1_score": 0.7338856902120489
  },
  "test_metrics": {
    "loss": 0.6879438161849976,
    "accuracy": 0.5921822786331177,
    "auc": 0.6002747416496277,
    "log_loss": 0.6784878294029141,
    "confusion_matrix": [
      [
        150,
        1990
      ],
      [
        90,
        2554
      ]
    ],
    "num_samples": 4784,
    "positive_rate": 0.552675585284281,
    "threshold": 0.36000000000000004,
    "f1_score": 0.7106288258208124
  },
  "training_history": {
    "loss": [
      0.7424911856651306,
      0.6857460141181946,
      0.6681143641471863,
      0.6590685844421387,
      0.6541196703910828,
      0.6495219469070435,
      0.6479563117027283,
      0.6466516256332397,
      0.6449403762817383,
      0.6433019042015076,
      0.6428199410438538,
      0.6425389051437378,
      0.6413672566413879,
      0.6416854858398438,
      0.6412449479103088,
      0.6402226686477661,
      0.636707067489624,
      0.6358271837234497
    ],
    "val_loss": [
      0.710993766784668,
      0.6907175183296204,
      0.6792176365852356,
      0.6807481646537781,
      0.6756231784820557,
      0.6723954081535339,
      0.6815756559371948,
      0.6710412502288818,
      0.6776449084281921,
      0.6704667806625366,
      0.6797642111778259,
      0.6784636974334717,
      0.6695324182510376,
      0.6753533482551575,
      0.6770603656768799,
      0.6716129183769226,
      0.6740797162055969,
      0.6759926080703735
    ],
    "accuracy": [
      0.6003433465957642,
      0.6225611567497253,
      0.6265557408332825,
      0.6322669982910156,
      0.6335875391960144,
      0.6374500393867493,
      0.6384734511375427,
      0.6391007304191589,
      0.6413456201553345,
      0.642534077167511,
      0.6425010561943054,
      0.6417417526245117,
      0.6453732252120972,
      0.6455712914466858,
      0.6452411413192749,
      0.6450430750846863,
      0.6509194374084473,
      0.6494668126106262
    ],
    "val_accuracy": [
      0.6050546169281006,
      0.6059113144874573,
      0.6039837002754211,
      0.602056086063385,
      0.60612553358078,
      0.6086956262588501,
      0.5969158411026001,
      0.6029128432273865,
      0.6059113144874573,
      0.6097665429115295,
      0.6054829955101013,
      0.6031270027160645,
      0.6076247692108154,
      0.6084814667701721,
      0.6014136075973511,
      0.6069822311401367,
      0.6048404574394226,
      0.6071963906288147
    ]
  },
  "epochs_trained": 18
}