{
  "timestamp": "2025-12-12T01:09:56.929913",
  "optimal_threshold": 0.39,
  "train_metrics": {
    "loss": 0.6037789583206177,
    "accuracy": 0.679541289806366,
    "auc": 0.7221795320510864,
    "log_loss": 0.5971676470465862,
    "confusion_matrix": [
      [
        2659,
        9278
      ],
      [
        1118,
        17030
      ]
    ],
    "num_samples": 30085,
    "positive_rate": 0.6032241981053681,
    "threshold": 0.39,
    "f1_score": 0.7661508007917941
  },
  "val_metrics": {
    "loss": 0.6430937647819519,
    "accuracy": 0.6399657130241394,
    "auc": 0.6725751161575317,
    "log_loss": 0.6364830928945967,
    "confusion_matrix": [
      [
        406,
        1565
      ],
      [
        189,
        2509
      ]
    ],
    "num_samples": 4669,
    "positive_rate": 0.5778539301777682,
    "threshold": 0.39,
    "f1_score": 0.7409923213230951
  },
  "test_metrics": {
    "loss": 0.6614489555358887,
    "accuracy": 0.6214120984077454,
    "auc": 0.6581934690475464,
    "log_loss": 0.6548381380701246,
    "confusion_matrix": [
      [
        417,
        1721
      ],
      [
        193,
        2442
      ]
    ],
    "num_samples": 4773,
    "positive_rate": 0.5520636915985753,
    "threshold": 0.39,
    "f1_score": 0.7184466019417476
  },
  "training_history": {
    "loss": [
      0.7420987486839294,
      0.677943766117096,
      0.6536271572113037,
      0.6391856670379639,
      0.6301529407501221,
      0.625486433506012,
      0.620117723941803,
      0.619025468826294,
      0.6172813773155212,
      0.6166702508926392,
      0.6161580681800842,
      0.6157826781272888,
      0.6155730485916138,
      0.6151384115219116,
      0.6146998405456543,
      0.6134290099143982,
      0.6109720468521118,
      0.6103212833404541,
      0.6101526021957397,
      0.6089522838592529,
      0.6106268167495728,
      0.6068581938743591,
      0.6058188080787659
    ],
    "val_loss": [
      0.7176504731178284,
      0.6888919472694397,
      0.6725611686706543,
      0.6625142097473145,
      0.6580684781074524,
      0.6544891595840454,
      0.6500229835510254,
      0.6478928923606873,
      0.6473075747489929,
      0.6481634378433228,
      0.6459801197052002,
      0.652972936630249,
      0.6438344120979309,
      0.6459842920303345,
      0.646186351776123,
      0.6466885805130005,
      0.6446125507354736,
      0.6430938839912415,
      0.6481042504310608,
      0.6433373093605042,
      0.645866870880127,
      0.6455527544021606,
      0.646312952041626
    ],
    "accuracy": [
      0.6374272704124451,
      0.6614924669265747,
      0.6647498607635498,
      0.669004499912262,
      0.6667109727859497,
      0.6684061884880066,
      0.6675419807434082,
      0.6694698333740234,
      0.6669768691062927,
      0.669536292552948,
      0.6693368554115295,
      0.6691374182701111,
      0.6676084399223328,
      0.6703008413314819,
      0.6695030927658081,
      0.6712979674339294,
      0.6733255982398987,
      0.6742562651634216,
      0.6726275682449341,
      0.6750872731208801,
      0.6753864288330078,
      0.6780787706375122,
      0.679807186126709
    ],
    "val_accuracy": [
      0.6367530226707458,
      0.6380380988121033,
      0.6367530226707458,
      0.6401799321174622,
      0.6416791677474976,
      0.6388948559761047,
      0.6371814012527466,
      0.638466477394104,
      0.638252317905426,
      0.6369672417640686,
      0.6401799321174622,
      0.638466477394104,
      0.6369672417640686,
      0.6378239393234253,
      0.6346112489700317,
      0.6388948559761047,
      0.6403940916061401,
      0.6399657130241394,
      0.6397515535354614,
      0.6335403919219971,
      0.6418933272361755,
      0.6369672417640686,
      0.638466477394104
    ]
  },
  "epochs_trained": 23
}