{
  "timestamp": "2025-12-09T18:39:54.073717",
  "train_metrics": {
    "loss": 0.6229168176651001,
    "accuracy": 0.6536265015602112,
    "auc": 0.681233286857605,
    "log_loss": 0.6229170512240965,
    "confusion_matrix": [
      [
        4306,
        7713
      ],
      [
        2779,
        15493
      ]
    ],
    "num_samples": 30291,
    "positive_rate": 0.6032154765441881
  },
  "val_metrics": {
    "loss": 0.6681201457977295,
    "accuracy": 0.6031270027160645,
    "auc": 0.6104146242141724,
    "log_loss": 0.6681202347087819,
    "confusion_matrix": [
      [
        572,
        1399
      ],
      [
        454,
        2244
      ]
    ],
    "num_samples": 4669,
    "positive_rate": 0.5778539301777682
  },
  "test_metrics": {
    "loss": 0.7014708518981934,
    "accuracy": 0.5773411393165588,
    "auc": 0.5751544833183289,
    "log_loss": 0.7014706714215788,
    "confusion_matrix": [
      [
        489,
        1651
      ],
      [
        371,
        2273
      ]
    ],
    "num_samples": 4784,
    "positive_rate": 0.552675585284281
  },
  "training_history": {
    "loss": [
      0.6511039137840271,
      0.6361991763114929,
      0.6292246580123901,
      0.623029351234436,
      0.6185817718505859,
      0.6153185367584229,
      0.6112278699874878,
      0.6073466539382935,
      0.6034256815910339,
      0.5999516248703003,
      0.5956099033355713,
      0.5927716493606567,
      0.5890194177627563
    ],
    "val_loss": [
      0.6755530834197998,
      0.6689985394477844,
      0.6681202054023743,
      0.6692711710929871,
      0.6693714261054993,
      0.6789005994796753,
      0.6729186177253723,
      0.6822460293769836,
      0.6817790269851685,
      0.6795705556869507,
      0.6994742155075073,
      0.6962727904319763,
      0.6937673687934875
    ],
    "accuracy": [
      0.6200851798057556,
      0.6340166926383972,
      0.6434914469718933,
      0.6500940918922424,
      0.6548810005187988,
      0.6578521728515625,
      0.6634314060211182,
      0.6652470827102661,
      0.669010579586029,
      0.673170268535614,
      0.676933765411377,
      0.6792446374893188,
      0.6833052635192871
    ],
    "val_accuracy": [
      0.5994859933853149,
      0.5971300005912781,
      0.6031270027160645,
      0.6009852290153503,
      0.6080530881881714,
      0.6082673072814941,
      0.6059113144874573,
      0.6095523834228516,
      0.5979866981506348,
      0.5967016220092773,
      0.5988434553146362,
      0.5971300005912781,
      0.5979866981506348
    ]
  },
  "epochs_trained": 13
}