{
  "timestamp": "2025-12-12T02:16:04.060327",
  "optimal_threshold": 0.45000000000000007,
  "threshold_metric": "accuracy",
  "train_metrics": {
    "loss": 0.6056543588638306,
    "accuracy": 0.6813362240791321,
    "auc": 0.7207234501838684,
    "log_loss": 0.597573963900799,
    "confusion_matrix": [
      [
        4223,
        7714
      ],
      [
        2080,
        16068
      ]
    ],
    "num_samples": 30085,
    "positive_rate": 0.6032241981053681,
    "threshold": 0.45000000000000007,
    "f1_score": 0.7664202241831625
  },
  "val_metrics": {
    "loss": 0.640312135219574,
    "accuracy": 0.6442493200302124,
    "auc": 0.6799017190933228,
    "log_loss": 0.6322316216750756,
    "confusion_matrix": [
      [
        845,
        1126
      ],
      [
        511,
        2187
      ]
    ],
    "num_samples": 4669,
    "positive_rate": 0.5778539301777682,
    "threshold": 0.45000000000000007,
    "f1_score": 0.7276659457660954
  },
  "test_metrics": {
    "loss": 0.6536373496055603,
    "accuracy": 0.6256023645401001,
    "auc": 0.6701245903968811,
    "log_loss": 0.6455565595073511,
    "confusion_matrix": [
      [
        990,
        1148
      ],
      [
        617,
        2018
      ]
    ],
    "num_samples": 4773,
    "positive_rate": 0.5520636915985753,
    "threshold": 0.45000000000000007,
    "f1_score": 0.6957421134287192
  },
  "training_history": {
    "loss": [
      0.7462905049324036,
      0.6808754801750183,
      0.6544694900512695,
      0.6363477110862732,
      0.6286213397979736,
      0.6229616403579712,
      0.6178288459777832,
      0.6161141991615295,
      0.6150513887405396,
      0.6143470406532288,
      0.6139337420463562,
      0.6133219599723816,
      0.6131471991539001,
      0.6134628057479858,
      0.608736515045166,
      0.6090492010116577
    ],
    "val_loss": [
      0.7284891605377197,
      0.6950068473815918,
      0.66936856508255,
      0.6662416458129883,
      0.6534262895584106,
      0.6484139561653137,
      0.64598548412323,
      0.6514115929603577,
      0.6488226652145386,
      0.6415935754776001,
      0.640312135219574,
      0.6437333226203918,
      0.6420593857765198,
      0.6509556770324707,
      0.642723798751831,
      0.6428775191307068
    ],
    "accuracy": [
      0.6427122950553894,
      0.6634867787361145,
      0.6703340411186218,
      0.6738241910934448,
      0.6718962788581848,
      0.6717633605003357,
      0.6734585165977478,
      0.6732590794563293,
      0.6727272868156433,
      0.6735250353813171,
      0.6732590794563293,
      0.6721622347831726,
      0.6747548580169678,
      0.6743559837341309,
      0.6775137186050415,
      0.6781784892082214
    ],
    "val_accuracy": [
      0.6326836347579956,
      0.6440351009368896,
      0.6444634795188904,
      0.6472477912902832,
      0.6378239393234253,
      0.6461769342422485,
      0.6406082510948181,
      0.6401799321174622,
      0.6421075463294983,
      0.6436067819595337,
      0.6442493200302124,
      0.6448918581008911,
      0.6436067819595337,
      0.6371814012527466,
      0.6395373940467834,
      0.6423217058181763
    ]
  },
  "epochs_trained": 16
}