{
  "timestamp": "2025-12-12T00:22:24.502202",
  "optimal_threshold": 0.38,
  "train_metrics": {
    "loss": 0.018131176009774208,
    "accuracy": 0.9999009370803833,
    "auc": 0.9999998807907104,
    "log_loss": 0.002277872818149214,
    "confusion_matrix": [
      [
        12017,
        1
      ],
      [
        2,
        18268
      ]
    ],
    "num_samples": 30288,
    "positive_rate": 0.6032091917591125,
    "threshold": 0.38,
    "f1_score": 0.9999178959467966
  },
  "val_metrics": {
    "loss": 0.13123954832553864,
    "accuracy": 0.9948596954345703,
    "auc": 0.9956915974617004,
    "log_loss": 0.07431331549051995,
    "confusion_matrix": [
      [
        1969,
        2
      ],
      [
        22,
        2676
      ]
    ],
    "num_samples": 4669,
    "positive_rate": 0.5778539301777682,
    "threshold": 0.38,
    "f1_score": 0.9955357142857143
  },
  "test_metrics": {
    "loss": 3.070955753326416,
    "accuracy": 0.8457357883453369,
    "auc": 0.8661140203475952,
    "log_loss": 2.078451810912414,
    "confusion_matrix": [
      [
        2137,
        3
      ],
      [
        731,
        1913
      ]
    ],
    "num_samples": 4784,
    "positive_rate": 0.552675585284281,
    "threshold": 0.38,
    "f1_score": 0.8390350877192982
  },
  "training_history": {
    "loss": [
      0.24915605783462524,
      0.10711431503295898,
      0.07292815297842026,
      0.054002899676561356,
      0.044584307819604874,
      0.035630516707897186,
      0.03254981338977814,
      0.029979107901453972,
      0.023045562207698822,
      0.02072720043361187,
      0.019796106964349747,
      0.017837846651673317,
      0.01641559787094593,
      0.014987421222031116
    ],
    "val_loss": [
      45.56019592285156,
      21.184459686279297,
      32.54640197753906,
      25.509340286254883,
      1.3756937980651855,
      1.838922381401062,
      4.095033168792725,
      3.6888644695281982,
      0.13123956322669983,
      3.7505462169647217,
      2.8081746101379395,
      0.44359222054481506,
      3.194422483444214,
      0.2410132884979248
    ],
    "accuracy": [
      0.9443674087524414,
      0.9901941418647766,
      0.9943211674690247,
      0.9954107403755188,
      0.9951135516166687,
      0.9962361454963684,
      0.996434211730957,
      0.9964672327041626,
      0.9983161687850952,
      0.9988114237785339,
      0.9983161687850952,
      0.9988444447517395,
      0.9992406368255615,
      0.9995377659797668
    ],
    "val_accuracy": [
      0.9762261509895325,
      0.984150767326355,
      0.9798672199249268,
      0.9852216839790344,
      0.9843649864196777,
      0.9910045266151428,
      0.9916470050811768,
      0.9922895431518555,
      0.9948596954345703,
      0.9946455359458923,
      0.9950739145278931,
      0.988648533821106,
      0.9877918362617493,
      0.9950739145278931
    ]
  },
  "epochs_trained": 14
}