{
  "timestamp": "2025-12-12T18:24:13.120885",
  "optimal_threshold": 0.5000000000000001,
  "threshold_metric": "accuracy",
  "train_metrics": {
    "loss": 0.6135953068733215,
    "accuracy": 0.6749542961608775,
    "auc": 0.7150858640670776,
    "log_loss": 0.6019134296384603,
    "confusion_matrix": [
      [
        5377,
        6560
      ],
      [
        3219,
        14929
      ]
    ],
    "num_samples": 30085,
    "positive_rate": 0.6032241981053681,
    "threshold": 0.5000000000000001,
    "f1_score": 0.7532860710951889
  },
  "val_metrics": {
    "loss": 0.6441971063613892,
    "accuracy": 0.6468194474191475,
    "auc": 0.6785441637039185,
    "log_loss": 0.6325154313578312,
    "confusion_matrix": [
      [
        1007,
        964
      ],
      [
        685,
        2013
      ]
    ],
    "num_samples": 4669,
    "positive_rate": 0.5778539301777682,
    "threshold": 0.5000000000000001,
    "f1_score": 0.7094273127753304
  },
  "test_metrics": {
    "loss": 0.65846848487854,
    "accuracy": 0.6260213702074168,
    "auc": 0.6661568880081177,
    "log_loss": 0.6467868539887202,
    "confusion_matrix": [
      [
        1144,
        994
      ],
      [
        791,
        1844
      ]
    ],
    "num_samples": 4773,
    "positive_rate": 0.5520636915985753,
    "threshold": 0.5000000000000001,
    "f1_score": 0.6738534624520373
  },
  "training_history": {
    "loss": [
      0.8966319561004639,
      0.7811827063560486,
      0.7198492884635925,
      0.6817759871482849,
      0.6544371247291565,
      0.6384802460670471,
      0.630220890045166,
      0.6260752081871033,
      0.6234874129295349,
      0.6231282949447632,
      0.621002733707428,
      0.6228930354118347,
      0.621690571308136,
      0.6211023330688477,
      0.6207211017608643,
      0.6224303245544434,
      0.6182680726051331,
      0.6155233979225159
    ],
    "val_loss": [
      0.8285844922065735,
      0.7656548619270325,
      0.7190624475479126,
      0.6882756352424622,
      0.6735304594039917,
      0.6614606380462646,
      0.660339891910553,
      0.6490339636802673,
      0.6558823585510254,
      0.6508356332778931,
      0.6471284031867981,
      0.6456016302108765,
      0.6441972255706787,
      0.6465399861335754,
      0.648582398891449,
      0.6508562564849854,
      0.6447668671607971,
      0.6505283117294312
    ],
    "accuracy": [
      0.6362307071685791,
      0.6612265110015869,
      0.6636529564857483,
      0.6679408550262451,
      0.6705334782600403,
      0.6700348854064941,
      0.6700348854064941,
      0.6703008413314819,
      0.6685723662376404,
      0.6691706776618958,
      0.667708158493042,
      0.6666112542152405,
      0.6688382625579834,
      0.6685391664505005,
      0.6715306639671326,
      0.6698354482650757,
      0.6732258796691895,
      0.6741233468055725
    ],
    "val_accuracy": [
      0.6365388631820679,
      0.6466052532196045,
      0.6436067819595337,
      0.6444634795188904,
      0.6433925628662109,
      0.6423217058181763,
      0.6448918581008911,
      0.6416791677474976,
      0.6455343961715698,
      0.6442493200302124,
      0.6459627151489258,
      0.6463910937309265,
      0.6468194723129272,
      0.6468194723129272,
      0.6369672417640686,
      0.6459627151489258,
      0.647462010383606,
      0.6451060175895691
    ]
  },
  "epochs_trained": 18
}