{
  "timestamp": "2025-12-12T02:11:10.856041",
  "optimal_threshold": 0.43000000000000005,
  "threshold_metric": "accuracy",
  "train_metrics": {
    "loss": 0.6095068454742432,
    "accuracy": 0.6753864288330078,
    "auc": 0.7175356149673462,
    "log_loss": 0.6026028049338255,
    "confusion_matrix": [
      [
        4510,
        7427
      ],
      [
        2381,
        15767
      ]
    ],
    "num_samples": 30085,
    "positive_rate": 0.6032241981053681,
    "threshold": 0.43000000000000005,
    "f1_score": 0.7627594214116395
  },
  "val_metrics": {
    "loss": 0.6428489685058594,
    "accuracy": 0.6380380988121033,
    "auc": 0.6722946763038635,
    "log_loss": 0.6359449130588058,
    "confusion_matrix": [
      [
        715,
        1256
      ],
      [
        419,
        2279
      ]
    ],
    "num_samples": 4669,
    "positive_rate": 0.5778539301777682,
    "threshold": 0.43000000000000005,
    "f1_score": 0.731269051820953
  },
  "test_metrics": {
    "loss": 0.6570502519607544,
    "accuracy": 0.6232976913452148,
    "auc": 0.6593650579452515,
    "log_loss": 0.6501457194558811,
    "confusion_matrix": [
      [
        773,
        1365
      ],
      [
        460,
        2175
      ]
    ],
    "num_samples": 4773,
    "positive_rate": 0.5520636915985753,
    "threshold": 0.43000000000000005,
    "f1_score": 0.7044534412955465
  },
  "training_history": {
    "loss": [
      0.7450316548347473,
      0.6781684160232544,
      0.6534901261329651,
      0.6386469602584839,
      0.6315193772315979,
      0.62522953748703,
      0.6210508346557617,
      0.6181972026824951,
      0.6178113222122192,
      0.6171743869781494,
      0.6163022518157959,
      0.6158873438835144,
      0.6155148148536682,
      0.6154659986495972,
      0.6155482530593872,
      0.6151358485221863,
      0.614858865737915,
      0.6117743253707886,
      0.6101111769676208
    ],
    "val_loss": [
      0.7184083461761475,
      0.6903189420700073,
      0.6814277768135071,
      0.6671794652938843,
      0.6577305793762207,
      0.6510769128799438,
      0.6520039439201355,
      0.6486878395080566,
      0.6511551141738892,
      0.6481491327285767,
      0.6484019756317139,
      0.6458799839019775,
      0.6444080471992493,
      0.6428492665290833,
      0.6515740752220154,
      0.6442527770996094,
      0.6471127271652222,
      0.6461496949195862,
      0.6443485021591187
    ],
    "accuracy": [
      0.6342030763626099,
      0.6610935926437378,
      0.6651819944381714,
      0.6649492979049683,
      0.6675419807434082,
      0.667708158493042,
      0.6675751805305481,
      0.6712979674339294,
      0.6702675819396973,
      0.6691706776618958,
      0.6725943088531494,
      0.6712315082550049,
      0.6718962788581848,
      0.6703673005104065,
      0.6707661747932434,
      0.6703008413314819,
      0.6688715219497681,
      0.6741565465927124,
      0.6762506365776062
    ],
    "val_accuracy": [
      0.6307560801506042,
      0.6365388631820679,
      0.6395373940467834,
      0.642964243888855,
      0.6361105442047119,
      0.6444634795188904,
      0.6397515535354614,
      0.6406082510948181,
      0.6378239393234253,
      0.6378239393234253,
      0.6414650082588196,
      0.6395373940467834,
      0.6371814012527466,
      0.6380380988121033,
      0.6393231749534607,
      0.6414650082588196,
      0.6401799321174622,
      0.6442493200302124,
      0.6408224701881409
    ]
  },
  "epochs_trained": 19
}