{
  "timestamp": "2025-12-12T17:39:00.572890",
  "optimal_threshold": 0.14,
  "threshold_metric": "f1",
  "train_metrics": {
    "loss": 0.6324428915977478,
    "accuracy": 0.654220700263977,
    "auc": 0.6821333169937134,
    "log_loss": 0.6217711186577992,
    "confusion_matrix": [
      [
        0,
        12019
      ],
      [
        0,
        18272
      ]
    ],
    "num_samples": 30291,
    "positive_rate": 0.6032154765441881,
    "threshold": 0.14,
    "f1_score": 0.7525070526944382
  },
  "val_metrics": {
    "loss": 0.6714721322059631,
    "accuracy": 0.6080530881881714,
    "auc": 0.6202086210250854,
    "log_loss": 0.6608003852746422,
    "confusion_matrix": [
      [
        4,
        1967
      ],
      [
        0,
        2698
      ]
    ],
    "num_samples": 4669,
    "positive_rate": 0.5778539301777682,
    "threshold": 0.14,
    "f1_score": 0.7328534564715469
  },
  "test_metrics": {
    "loss": 0.6895341873168945,
    "accuracy": 0.5802675485610962,
    "auc": 0.589592456817627,
    "log_loss": 0.6788625042437132,
    "confusion_matrix": [
      [
        0,
        2140
      ],
      [
        0,
        2644
      ]
    ],
    "num_samples": 4784,
    "positive_rate": 0.552675585284281,
    "threshold": 0.14,
    "f1_score": 0.711900915455035
  },
  "training_history": {
    "loss": [
      0.891985297203064,
      0.7862582802772522,
      0.7313905358314514,
      0.6974305510520935,
      0.6765792965888977,
      0.6668955087661743,
      0.6595579385757446,
      0.655397891998291,
      0.6531255841255188,
      0.6524100303649902,
      0.6499016284942627,
      0.6507666110992432,
      0.6498440504074097,
      0.6510655283927917,
      0.6496894955635071,
      0.6453003883361816,
      0.6428012847900391,
      0.6425132155418396,
      0.6414617300033569,
      0.6402681469917297,
      0.6403934359550476,
      0.6393949389457703,
      0.6348124146461487,
      0.6348258852958679
    ],
    "val_loss": [
      0.8160678148269653,
      0.7759992480278015,
      0.7368127703666687,
      0.7121655344963074,
      0.6914550065994263,
      0.6884253025054932,
      0.6816927790641785,
      0.6813716292381287,
      0.6818913221359253,
      0.676902174949646,
      0.680850625038147,
      0.676278829574585,
      0.6770913600921631,
      0.6823258996009827,
      0.6771976351737976,
      0.6772346496582031,
      0.6747273802757263,
      0.6742886900901794,
      0.6714720129966736,
      0.6728449463844299,
      0.6825185418128967,
      0.6743008494377136,
      0.6745851635932922,
      0.6788934469223022
    ],
    "accuracy": [
      0.5840348601341248,
      0.6095209717750549,
      0.6254662871360779,
      0.6304183006286621,
      0.6332904100418091,
      0.6340166926383972,
      0.6357663869857788,
      0.6365917325019836,
      0.6347429752349854,
      0.6338186264038086,
      0.6377801895141602,
      0.6377471685409546,
      0.6362285614013672,
      0.6358324289321899,
      0.6384404897689819,
      0.6406193375587463,
      0.6429632306098938,
      0.644085705280304,
      0.6453402042388916,
      0.6468918323516846,
      0.647354006767273,
      0.6474530100822449,
      0.6532303094863892,
      0.6531973481178284
    ],
    "val_accuracy": [
      0.6029128432273865,
      0.5992717742919922,
      0.6007710695266724,
      0.597344160079956,
      0.6046262383460999,
      0.6046262383460999,
      0.6074106097221375,
      0.6031270027160645,
      0.6089098453521729,
      0.6029128432273865,
      0.6069822311401367,
      0.6101949214935303,
      0.6033411622047424,
      0.5984150767326355,
      0.6074106097221375,
      0.6084814667701721,
      0.6048404574394226,
      0.6076247692108154,
      0.6080530881881714,
      0.6054829955101013,
      0.594774067401886,
      0.6014136075973511,
      0.6078389286994934,
      0.601627767086029
    ]
  },
  "epochs_trained": 24
}