{
  "timestamp": "2025-12-12T17:54:27.800244",
  "optimal_threshold": 0.31000000000000005,
  "threshold_metric": "f1",
  "train_metrics": {
    "loss": 0.5990800857543945,
    "accuracy": 0.6867209672927856,
    "auc": 0.7310498952865601,
    "log_loss": 0.5904418451549689,
    "confusion_matrix": [
      [
        1642,
        10295
      ],
      [
        530,
        17618
      ]
    ],
    "num_samples": 30085,
    "positive_rate": 0.6032241981053681,
    "threshold": 0.31000000000000005,
    "f1_score": 0.7649855626234776
  },
  "val_metrics": {
    "loss": 0.640654444694519,
    "accuracy": 0.6451060175895691,
    "auc": 0.6778795123100281,
    "log_loss": 0.6320162760240019,
    "confusion_matrix": [
      [
        212,
        1759
      ],
      [
        71,
        2627
      ]
    ],
    "num_samples": 4669,
    "positive_rate": 0.5778539301777682,
    "threshold": 0.31000000000000005,
    "f1_score": 0.7416713721061547
  },
  "test_metrics": {
    "loss": 0.6547091603279114,
    "accuracy": 0.6197360157966614,
    "auc": 0.6670821905136108,
    "log_loss": 0.6460710475982847,
    "confusion_matrix": [
      [
        197,
        1941
      ],
      [
        67,
        2568
      ]
    ],
    "num_samples": 4773,
    "positive_rate": 0.5520636915985753,
    "threshold": 0.31000000000000005,
    "f1_score": 0.7189249720044792
  },
  "training_history": {
    "loss": [
      0.8761786222457886,
      0.7576402425765991,
      0.6980751752853394,
      0.6621409058570862,
      0.6425288915634155,
      0.6325336694717407,
      0.6264575719833374,
      0.6240620613098145,
      0.6228271126747131,
      0.6224175095558167,
      0.6217078566551208,
      0.6219451427459717,
      0.6212083101272583,
      0.6222591996192932,
      0.6174182295799255,
      0.6164026260375977,
      0.615568220615387,
      0.6155506372451782,
      0.6108384728431702,
      0.6097492575645447,
      0.6086055040359497,
      0.6073659658432007,
      0.606219470500946,
      0.602388858795166,
      0.600861668586731
    ],
    "val_loss": [
      0.8100686073303223,
      0.7455268502235413,
      0.6997341513633728,
      0.6763890385627747,
      0.6631472706794739,
      0.6532959342002869,
      0.6508369445800781,
      0.6529762148857117,
      0.6460299491882324,
      0.648185670375824,
      0.6447453498840332,
      0.6465728878974915,
      0.6489152908325195,
      0.6499208807945251,
      0.6432883739471436,
      0.6451931595802307,
      0.6468873023986816,
      0.6534031629562378,
      0.6462583541870117,
      0.6406543850898743,
      0.6450850963592529,
      0.6446532011032104,
      0.6468148827552795,
      0.6458280086517334,
      0.6498220562934875
    ],
    "accuracy": [
      0.6325079202651978,
      0.6623566746711731,
      0.6686388850212097,
      0.6707661747932434,
      0.6688715219497681,
      0.6693036556243896,
      0.6700348854064941,
      0.6693036556243896,
      0.6692039370536804,
      0.6698022484779358,
      0.6676416993141174,
      0.670832633972168,
      0.6701014041900635,
      0.6680737733840942,
      0.673026442527771,
      0.670433759689331,
      0.6732590794563293,
      0.6743892431259155,
      0.6798737049102783,
      0.6781120300292969,
      0.6793751120567322,
      0.6803057789802551,
      0.6824663281440735,
      0.6841615438461304,
      0.6866212487220764
    ],
    "val_accuracy": [
      0.638252317905426,
      0.6408224701881409,
      0.638680636882782,
      0.6380380988121033,
      0.6436067819595337,
      0.6466052532196045,
      0.6410366296768188,
      0.6451060175895691,
      0.6483187079429626,
      0.6446776390075684,
      0.6468194723129272,
      0.6444634795188904,
      0.643178403377533,
      0.6418933272361755,
      0.6440351009368896,
      0.6421075463294983,
      0.6483187079429626,
      0.6395373940467834,
      0.6423217058181763,
      0.6451060175895691,
      0.6414650082588196,
      0.643178403377533,
      0.6406082510948181,
      0.6448918581008911,
      0.6401799321174622
    ]
  },
  "epochs_trained": 25
}