{
  "timestamp": "2025-12-12T18:20:18.213410",
  "optimal_threshold": 0.33,
  "threshold_metric": "f1",
  "train_metrics": {
    "loss": 0.6059555411338806,
    "accuracy": 0.6407179657636696,
    "auc": 0.7251406311988831,
    "log_loss": 0.5964785489241478,
    "confusion_matrix": [
      [
        1687,
        10250
      ],
      [
        559,
        17589
      ]
    ],
    "num_samples": 30085,
    "positive_rate": 0.6032241981053681,
    "threshold": 0.33,
    "f1_score": 0.7649553134581513
  },
  "val_metrics": {
    "loss": 0.6409022808074951,
    "accuracy": 0.6136217605482973,
    "auc": 0.6791725158691406,
    "log_loss": 0.6314250336356203,
    "confusion_matrix": [
      [
        273,
        1698
      ],
      [
        106,
        2592
      ]
    ],
    "num_samples": 4669,
    "positive_rate": 0.5778539301777682,
    "threshold": 0.33,
    "f1_score": 0.7418431597023469
  },
  "test_metrics": {
    "loss": 0.6531049609184265,
    "accuracy": 0.5897758223339619,
    "auc": 0.6710425019264221,
    "log_loss": 0.6436278642835949,
    "confusion_matrix": [
      [
        321,
        1817
      ],
      [
        141,
        2494
      ]
    ],
    "num_samples": 4773,
    "positive_rate": 0.5520636915985753,
    "threshold": 0.33,
    "f1_score": 0.7181111431039447
  },
  "training_history": {
    "loss": [
      0.8790333271026611,
      0.7641209959983826,
      0.703162670135498,
      0.6650896668434143,
      0.644554615020752,
      0.6330060958862305,
      0.6273172497749329,
      0.6241465210914612,
      0.6225031614303589,
      0.6220210194587708,
      0.6229069232940674,
      0.6223057508468628,
      0.6232032775878906,
      0.6222710013389587,
      0.621414303779602,
      0.6217327117919922,
      0.6211557388305664,
      0.6216277480125427,
      0.6173175573348999,
      0.6154435276985168,
      0.6144657135009766,
      0.6151524186134338,
      0.6154555678367615,
      0.6138493418693542,
      0.6130436658859253,
      0.6110609769821167,
      0.608142077922821
    ],
    "val_loss": [
      0.820447564125061,
      0.7505365610122681,
      0.7039559483528137,
      0.6764689683914185,
      0.6628009080886841,
      0.6564809083938599,
      0.6497827768325806,
      0.652952253818512,
      0.6484344005584717,
      0.6480185985565186,
      0.652094304561615,
      0.6462637782096863,
      0.6532206535339355,
      0.6533384323120117,
      0.6445181965827942,
      0.6513463854789734,
      0.6537976264953613,
      0.6484264135360718,
      0.6437044739723206,
      0.64286208152771,
      0.6432281136512756,
      0.6409023404121399,
      0.6436796188354492,
      0.6432576179504395,
      0.6430703997612,
      0.6429864168167114,
      0.6441681981086731
    ],
    "accuracy": [
      0.6350672841072083,
      0.66275554895401,
      0.6690376996994019,
      0.6715639233589172,
      0.6667442321777344,
      0.6697025299072266,
      0.666777491569519,
      0.6695695519447327,
      0.6663120985031128,
      0.6694698333740234,
      0.6666777729988098,
      0.6669768691062927,
      0.6688050627708435,
      0.6683064699172974,
      0.669270396232605,
      0.6708990931510925,
      0.6694698333740234,
      0.6694365739822388,
      0.6700681447982788,
      0.6731593608856201,
      0.673026442527771,
      0.6721622347831726,
      0.6733587980270386,
      0.6747215986251831,
      0.6746551394462585,
      0.6793086528778076,
      0.6777463555335999
    ],
    "val_accuracy": [
      0.6395373940467834,
      0.6408224701881409,
      0.6440351009368896,
      0.6461769342422485,
      0.6440351009368896,
      0.6487470269203186,
      0.6438209414482117,
      0.6399657130241394,
      0.6453201770782471,
      0.6425358653068542,
      0.6410366296768188,
      0.6440351009368896,
      0.6363247036933899,
      0.6369672417640686,
      0.6440351009368896,
      0.6451060175895691,
      0.6459627151489258,
      0.6476761698722839,
      0.6466052532196045,
      0.6470336318016052,
      0.6470336318016052,
      0.6448918581008911,
      0.6427500247955322,
      0.6393231749534607,
      0.6373955607414246,
      0.6444634795188904,
      0.6436067819595337
    ]
  },
  "epochs_trained": 27
}