{
  "timestamp": "2025-12-12T17:52:11.487186",
  "optimal_threshold": 0.43000000000000005,
  "threshold_metric": "f1",
  "train_metrics": {
    "loss": 0.6150707602500916,
    "accuracy": 0.6743227243423462,
    "auc": 0.7158776521682739,
    "log_loss": 0.6016621432968081,
    "confusion_matrix": [
      [
        3343,
        8594
      ],
      [
        1547,
        16601
      ]
    ],
    "num_samples": 30085,
    "positive_rate": 0.6032241981053681,
    "threshold": 0.43000000000000005,
    "f1_score": 0.7660291165816856
  },
  "val_metrics": {
    "loss": 0.6493771076202393,
    "accuracy": 0.6406082510948181,
    "auc": 0.6717292070388794,
    "log_loss": 0.6359689469761942,
    "confusion_matrix": [
      [
        494,
        1477
      ],
      [
        244,
        2454
      ]
    ],
    "num_samples": 4669,
    "positive_rate": 0.5778539301777682,
    "threshold": 0.43000000000000005,
    "f1_score": 0.740383164881581
  },
  "test_metrics": {
    "loss": 0.6647669672966003,
    "accuracy": 0.6197360157966614,
    "auc": 0.6576117277145386,
    "log_loss": 0.6513590437757748,
    "confusion_matrix": [
      [
        547,
        1591
      ],
      [
        294,
        2341
      ]
    ],
    "num_samples": 4773,
    "positive_rate": 0.5520636915985753,
    "threshold": 0.43000000000000005,
    "f1_score": 0.7129587330592355
  },
  "training_history": {
    "loss": [
      0.861213207244873,
      0.7550031542778015,
      0.7034284472465515,
      0.670067548751831,
      0.6506234407424927,
      0.638552188873291,
      0.6305490732192993,
      0.6277850270271301,
      0.6272307634353638,
      0.6262152194976807,
      0.6239179372787476,
      0.6248466968536377,
      0.6239756941795349,
      0.6260989904403687,
      0.6192080974578857,
      0.6166700720787048
    ],
    "val_loss": [
      0.8043198585510254,
      0.7471371293067932,
      0.7118465304374695,
      0.6869303584098816,
      0.6701321601867676,
      0.6711854934692383,
      0.6591350436210632,
      0.6551737785339355,
      0.6544650197029114,
      0.6544505953788757,
      0.649377167224884,
      0.6567764282226562,
      0.6546376347541809,
      0.6507074236869812,
      0.6509178876876831,
      0.6497185230255127
    ],
    "accuracy": [
      0.6283862590789795,
      0.6551437377929688,
      0.6632208824157715,
      0.6653149127960205,
      0.6661791801452637,
      0.6682400107383728,
      0.6669436693191528,
      0.6663453578948975,
      0.6680073142051697,
      0.664849579334259,
      0.6671763062477112,
      0.6674754619598389,
      0.6674754619598389,
      0.6674754619598389,
      0.6707993745803833,
      0.669536292552948
    ],
    "val_accuracy": [
      0.6279717087745667,
      0.6410366296768188,
      0.6363247036933899,
      0.6346112489700317,
      0.6403940916061401,
      0.6324694752693176,
      0.6367530226707458,
      0.6416791677474976,
      0.6410366296768188,
      0.6391090154647827,
      0.6406082510948181,
      0.6373955607414246,
      0.6350396275520325,
      0.6399657130241394,
      0.638252317905426,
      0.6358963251113892
    ]
  },
  "epochs_trained": 16
}