{
  "timestamp": "2025-12-12T18:03:02.758437",
  "optimal_threshold": 0.38000000000000006,
  "threshold_metric": "f1",
  "train_metrics": {
    "loss": 0.6097434163093567,
    "accuracy": 0.6477979059331893,
    "auc": 0.719022274017334,
    "log_loss": 0.5983151753881353,
    "confusion_matrix": [
      [
        2197,
        9740
      ],
      [
        856,
        17292
      ]
    ],
    "num_samples": 30085,
    "positive_rate": 0.6032241981053681,
    "threshold": 0.38000000000000006,
    "f1_score": 0.7654714475431607
  },
  "val_metrics": {
    "loss": 0.6496710181236267,
    "accuracy": 0.6219747269222532,
    "auc": 0.6728590130805969,
    "log_loss": 0.6382434176532766,
    "confusion_matrix": [
      [
        366,
        1605
      ],
      [
        160,
        2538
      ]
    ],
    "num_samples": 4669,
    "positive_rate": 0.5778539301777682,
    "threshold": 0.38000000000000006,
    "f1_score": 0.7419967840958924
  },
  "test_metrics": {
    "loss": 0.6673740744590759,
    "accuracy": 0.5966897129687827,
    "auc": 0.6561096906661987,
    "log_loss": 0.655946286535399,
    "confusion_matrix": [
      [
        414,
        1724
      ],
      [
        201,
        2434
      ]
    ],
    "num_samples": 4773,
    "positive_rate": 0.5520636915985753,
    "threshold": 0.38000000000000006,
    "f1_score": 0.7166200500515236
  },
  "training_history": {
    "loss": [
      0.8745253086090088,
      0.7673307061195374,
      0.7107228636741638,
      0.6750274896621704,
      0.6537039875984192,
      0.639164388179779,
      0.6328946352005005,
      0.627536952495575,
      0.6270298361778259,
      0.6240842938423157,
      0.6211020350456238,
      0.6179130673408508,
      0.6166180968284607,
      0.6168038249015808,
      0.6128847599029541,
      0.6112256646156311
    ],
    "val_loss": [
      0.8090582489967346,
      0.7513672709465027,
      0.711833655834198,
      0.6883456110954285,
      0.6755276322364807,
      0.6651434302330017,
      0.6577524542808533,
      0.6639730930328369,
      0.6706833243370056,
      0.6669654846191406,
      0.6496710777282715,
      0.6502493619918823,
      0.6505046486854553,
      0.65245521068573,
      0.6501367092132568,
      0.6551582217216492
    ],
    "accuracy": [
      0.6277879476547241,
      0.6526175737380981,
      0.6580355763435364,
      0.6641848087310791,
      0.667708158493042,
      0.6678743362426758,
      0.6665780544281006,
      0.6685391664505005,
      0.6646834015846252,
      0.667708158493042,
      0.6696360111236572,
      0.6682400107383728,
      0.6709656119346619,
      0.669536292552948,
      0.6734253168106079,
      0.6761176586151123
    ],
    "val_accuracy": [
      0.6365388631820679,
      0.638252317905426,
      0.6427500247955322,
      0.6352537870407104,
      0.6369672417640686,
      0.6343970894813538,
      0.6416791677474976,
      0.6367530226707458,
      0.633754551410675,
      0.6421075463294983,
      0.6371814012527466,
      0.6356821656227112,
      0.6393231749534607,
      0.6354680061340332,
      0.6331120133399963,
      0.6363247036933899
    ]
  },
  "epochs_trained": 16
}