{
  "timestamp": "2025-12-12T02:13:40.715873",
  "optimal_threshold": 0.38000000000000006,
  "threshold_metric": "f1",
  "train_metrics": {
    "loss": 0.6047244668006897,
    "accuracy": 0.6840285658836365,
    "auc": 0.7262635827064514,
    "log_loss": 0.5979047894174766,
    "confusion_matrix": [
      [
        2278,
        9659
      ],
      [
        881,
        17267
      ]
    ],
    "num_samples": 30085,
    "positive_rate": 0.6032241981053681,
    "threshold": 0.38000000000000006,
    "f1_score": 0.7661623108665749
  },
  "val_metrics": {
    "loss": 0.6393541693687439,
    "accuracy": 0.643178403377533,
    "auc": 0.6780847311019897,
    "log_loss": 0.6325339632771234,
    "confusion_matrix": [
      [
        428,
        1543
      ],
      [
        191,
        2507
      ]
    ],
    "num_samples": 4669,
    "positive_rate": 0.5778539301777682,
    "threshold": 0.38000000000000006,
    "f1_score": 0.7430349733254298
  },
  "test_metrics": {
    "loss": 0.6498919725418091,
    "accuracy": 0.6316781640052795,
    "auc": 0.6710264682769775,
    "log_loss": 0.6430718629864293,
    "confusion_matrix": [
      [
        497,
        1641
      ],
      [
        230,
        2405
      ]
    ],
    "num_samples": 4773,
    "positive_rate": 0.5520636915985753,
    "threshold": 0.38000000000000006,
    "f1_score": 0.719952102978596
  },
  "training_history": {
    "loss": [
      0.7542382478713989,
      0.6878532767295837,
      0.6614399552345276,
      0.6425869464874268,
      0.6314817667007446,
      0.6249334216117859,
      0.6201385855674744,
      0.6181776523590088,
      0.6151264905929565,
      0.6139976382255554,
      0.6141696572303772,
      0.6132858991622925,
      0.6147276759147644,
      0.6126731634140015,
      0.6127040386199951,
      0.612862765789032,
      0.6104569435119629,
      0.6090644598007202,
      0.6072680354118347,
      0.6074870824813843,
      0.6040377020835876,
      0.6033188104629517
    ],
    "val_loss": [
      0.7298727631568909,
      0.7005125880241394,
      0.6848503947257996,
      0.6678240299224854,
      0.6559337377548218,
      0.655950129032135,
      0.6510480046272278,
      0.6441662311553955,
      0.6460402011871338,
      0.6440532803535461,
      0.6440672278404236,
      0.6436909437179565,
      0.6406885981559753,
      0.6407654881477356,
      0.6431492567062378,
      0.6443155407905579,
      0.6393541097640991,
      0.6438533663749695,
      0.6476305723190308,
      0.6446713805198669,
      0.6410711407661438,
      0.643451452255249
    ],
    "accuracy": [
      0.6389563083648682,
      0.6656140685081482,
      0.6705334782600403,
      0.6694033741950989,
      0.6724281311035156,
      0.6715971231460571,
      0.6726940274238586,
      0.6743892431259155,
      0.6701346039772034,
      0.6725943088531494,
      0.6735914945602417,
      0.6749210357666016,
      0.6722619533538818,
      0.6732258796691895,
      0.6740236282348633,
      0.6731261610984802,
      0.67704838514328,
      0.6758517622947693,
      0.6795080900192261,
      0.6797407269477844,
      0.6809040904045105,
      0.682632565498352
    ],
    "val_accuracy": [
      0.6453201770782471,
      0.638680636882782,
      0.6401799321174622,
      0.638466477394104,
      0.6442493200302124,
      0.6416791677474976,
      0.6433925628662109,
      0.6433925628662109,
      0.6423217058181763,
      0.6442493200302124,
      0.6376097798347473,
      0.6438209414482117,
      0.6416791677474976,
      0.6421075463294983,
      0.642964243888855,
      0.6378239393234253,
      0.643178403377533,
      0.6448918581008911,
      0.6457485556602478,
      0.6414650082588196,
      0.6436067819595337,
      0.6463910937309265
    ]
  },
  "epochs_trained": 22
}